query_id,query,rank,raw_value,score,band,score_gap,chunk,generated_answer
1,1. What are the common symptoms of diabetes?,1,0.7748,0.7748,HIGH,0.0204,"Diabetes mellitus is a chronic metabolic condition in which the body is unable to effectively regulate blood glucose levels. This may occur due to insufficient insulin production or resistance to insulin action. Over time, elevated glucose levels can have widespread effects on various organ systems. The early symptoms of diabetes often develop gradually and may go unnoticed. Individuals commonly experience increased thirst and frequent urination as the body attempts to eliminate excess glucose through urine.",Increased thirst and frequent urination.
1,1. What are the common symptoms of diabetes?,2,0.7544,0.7544,HIGH,,"increased thirst and frequent urination as the body attempts to eliminate excess glucose through urine. Fatigue is another frequent complaint, resulting from the body’s inability to efficiently utilize glucose for energy. Some patients may also report unexplained weight loss, blurred vision, or delayed wound healing. Recurrent infections, particularly of the skin or urinary tract, can also be indicative of underlying diabetes. Diagnosis is established through laboratory testing. A fasting blood glucose level of 126 mg/dL",
1,1. What are the common symptoms of diabetes?,3,0.7354,0.7354,MID,,"as the first-line medication, while additional oral agents may be added if glycemic control is not achieved. In more advanced cases, insulin therapy may be required. If diabetes is not adequately controlled, it can lead to both acute and chronic complications. Long-term complications include damage to nerves, kidneys, and eyes, collectively referred to as microvascular complications. Additionally, individuals with diabetes are at a significantly higher risk of cardiovascular disease. Acute complications, such as diabetic ketoacidosis,",
2,2. What early signs may indicate diabetes?,1,0.7299,0.7299,MID,0.0026,"Diabetes mellitus is a chronic metabolic condition in which the body is unable to effectively regulate blood glucose levels. This may occur due to insufficient insulin production or resistance to insulin action. Over time, elevated glucose levels can have widespread effects on various organ systems. The early symptoms of diabetes often develop gradually and may go unnoticed. Individuals commonly experience increased thirst and frequent urination as the body attempts to eliminate excess glucose through urine.",
2,2. What early signs may indicate diabetes?,2,0.7273,0.7273,MID,,"diabetes. Diagnosis is established through laboratory testing. A fasting blood glucose level of 126 mg/dL or higher on two separate occasions is considered diagnostic. Alternatively, an HbA1c value of 6.5% or above reflects sustained elevated glucose levels over time. In symptomatic individuals, a random blood glucose level exceeding 200 mg/dL may also confirm the diagnosis. Additional tests such as the oral glucose tolerance test may be used in certain cases to assess glucose metabolism more",
2,2. What early signs may indicate diabetes?,3,0.711,0.711,MID,,"increased thirst and frequent urination as the body attempts to eliminate excess glucose through urine. Fatigue is another frequent complaint, resulting from the body’s inability to efficiently utilize glucose for energy. Some patients may also report unexplained weight loss, blurred vision, or delayed wound healing. Recurrent infections, particularly of the skin or urinary tract, can also be indicative of underlying diabetes. Diagnosis is established through laboratory testing. A fasting blood glucose level of 126 mg/dL",
3,3. How does diabetes affect energy levels?,1,0.7268,0.7268,MID,0.017,"Diabetes mellitus is a chronic metabolic condition in which the body is unable to effectively regulate blood glucose levels. This may occur due to insufficient insulin production or resistance to insulin action. Over time, elevated glucose levels can have widespread effects on various organ systems. The early symptoms of diabetes often develop gradually and may go unnoticed. Individuals commonly experience increased thirst and frequent urination as the body attempts to eliminate excess glucose through urine.",
3,3. How does diabetes affect energy levels?,2,0.7098,0.7098,MID,,"increased thirst and frequent urination as the body attempts to eliminate excess glucose through urine. Fatigue is another frequent complaint, resulting from the body’s inability to efficiently utilize glucose for energy. Some patients may also report unexplained weight loss, blurred vision, or delayed wound healing. Recurrent infections, particularly of the skin or urinary tract, can also be indicative of underlying diabetes. Diagnosis is established through laboratory testing. A fasting blood glucose level of 126 mg/dL",
3,3. How does diabetes affect energy levels?,3,0.659,0.659,MID,,"oral glucose tolerance test may be used in certain cases to assess glucose metabolism more thoroughly. Management of diabetes involves a combination of lifestyle and pharmacological interventions. Patients are advised to adopt a balanced diet, limit intake of high-glycemic foods, and engage in regular physical activity. Weight reduction is particularly important for individuals with insulin resistance. Metformin is commonly prescribed as the first-line medication, while additional oral agents may be added if glycemic control is",
4,4. Why do patients with diabetes experience frequent urination?,1,0.7983,0.7983,HIGH,0.0052,"Diabetes mellitus is a chronic metabolic condition in which the body is unable to effectively regulate blood glucose levels. This may occur due to insufficient insulin production or resistance to insulin action. Over time, elevated glucose levels can have widespread effects on various organ systems. The early symptoms of diabetes often develop gradually and may go unnoticed. Individuals commonly experience increased thirst and frequent urination as the body attempts to eliminate excess glucose through urine.",Patients with diabetes experience frequent urination because their bodies attempt to eliminate excess glucose through urine.
4,4. Why do patients with diabetes experience frequent urination?,2,0.7931,0.7931,HIGH,,"increased thirst and frequent urination as the body attempts to eliminate excess glucose through urine. Fatigue is another frequent complaint, resulting from the body’s inability to efficiently utilize glucose for energy. Some patients may also report unexplained weight loss, blurred vision, or delayed wound healing. Recurrent infections, particularly of the skin or urinary tract, can also be indicative of underlying diabetes. Diagnosis is established through laboratory testing. A fasting blood glucose level of 126 mg/dL",
4,4. Why do patients with diabetes experience frequent urination?,3,0.6889,0.6889,MID,,"as the first-line medication, while additional oral agents may be added if glycemic control is not achieved. In more advanced cases, insulin therapy may be required. If diabetes is not adequately controlled, it can lead to both acute and chronic complications. Long-term complications include damage to nerves, kidneys, and eyes, collectively referred to as microvascular complications. Additionally, individuals with diabetes are at a significantly higher risk of cardiovascular disease. Acute complications, such as diabetic ketoacidosis,",
5,5. What visual symptoms are associated with diabetes?,1,0.7353,0.7353,MID,0.0085,"Diabetes mellitus is a chronic metabolic condition in which the body is unable to effectively regulate blood glucose levels. This may occur due to insufficient insulin production or resistance to insulin action. Over time, elevated glucose levels can have widespread effects on various organ systems. The early symptoms of diabetes often develop gradually and may go unnoticed. Individuals commonly experience increased thirst and frequent urination as the body attempts to eliminate excess glucose through urine.",
5,5. What visual symptoms are associated with diabetes?,2,0.7268,0.7268,MID,,"increased thirst and frequent urination as the body attempts to eliminate excess glucose through urine. Fatigue is another frequent complaint, resulting from the body’s inability to efficiently utilize glucose for energy. Some patients may also report unexplained weight loss, blurred vision, or delayed wound healing. Recurrent infections, particularly of the skin or urinary tract, can also be indicative of underlying diabetes. Diagnosis is established through laboratory testing. A fasting blood glucose level of 126 mg/dL",
5,5. What visual symptoms are associated with diabetes?,3,0.7108,0.7108,MID,,"as the first-line medication, while additional oral agents may be added if glycemic control is not achieved. In more advanced cases, insulin therapy may be required. If diabetes is not adequately controlled, it can lead to both acute and chronic complications. Long-term complications include damage to nerves, kidneys, and eyes, collectively referred to as microvascular complications. Additionally, individuals with diabetes are at a significantly higher risk of cardiovascular disease. Acute complications, such as diabetic ketoacidosis,",
6,6. How is diabetes diagnosed using fasting blood glucose?,1,0.8605,0.8605,HIGH,0.1202,"diabetes. Diagnosis is established through laboratory testing. A fasting blood glucose level of 126 mg/dL or higher on two separate occasions is considered diagnostic. Alternatively, an HbA1c value of 6.5% or above reflects sustained elevated glucose levels over time. In symptomatic individuals, a random blood glucose level exceeding 200 mg/dL may also confirm the diagnosis. Additional tests such as the oral glucose tolerance test may be used in certain cases to assess glucose metabolism more",A fasting blood glucose level of 126 mg/dL or higher on two separate occasions is considered diagnostic.
6,6. How is diabetes diagnosed using fasting blood glucose?,2,0.7402,0.7402,MID,,"increased thirst and frequent urination as the body attempts to eliminate excess glucose through urine. Fatigue is another frequent complaint, resulting from the body’s inability to efficiently utilize glucose for energy. Some patients may also report unexplained weight loss, blurred vision, or delayed wound healing. Recurrent infections, particularly of the skin or urinary tract, can also be indicative of underlying diabetes. Diagnosis is established through laboratory testing. A fasting blood glucose level of 126 mg/dL",
6,6. How is diabetes diagnosed using fasting blood glucose?,3,0.7196,0.7196,MID,,"oral glucose tolerance test may be used in certain cases to assess glucose metabolism more thoroughly. Management of diabetes involves a combination of lifestyle and pharmacological interventions. Patients are advised to adopt a balanced diet, limit intake of high-glycemic foods, and engage in regular physical activity. Weight reduction is particularly important for individuals with insulin resistance. Metformin is commonly prescribed as the first-line medication, while additional oral agents may be added if glycemic control is",
7,7. What HbA1c level confirms diabetes?,1,0.7989,0.7989,HIGH,0.1469,"diabetes. Diagnosis is established through laboratory testing. A fasting blood glucose level of 126 mg/dL or higher on two separate occasions is considered diagnostic. Alternatively, an HbA1c value of 6.5% or above reflects sustained elevated glucose levels over time. In symptomatic individuals, a random blood glucose level exceeding 200 mg/dL may also confirm the diagnosis. Additional tests such as the oral glucose tolerance test may be used in certain cases to assess glucose metabolism more",6.5%
7,7. What HbA1c level confirms diabetes?,2,0.652,0.652,MID,,"increased thirst and frequent urination as the body attempts to eliminate excess glucose through urine. Fatigue is another frequent complaint, resulting from the body’s inability to efficiently utilize glucose for energy. Some patients may also report unexplained weight loss, blurred vision, or delayed wound healing. Recurrent infections, particularly of the skin or urinary tract, can also be indicative of underlying diabetes. Diagnosis is established through laboratory testing. A fasting blood glucose level of 126 mg/dL",
7,7. What HbA1c level confirms diabetes?,3,0.6471,0.6471,MID,,"Diabetes mellitus is a chronic metabolic condition in which the body is unable to effectively regulate blood glucose levels. This may occur due to insufficient insulin production or resistance to insulin action. Over time, elevated glucose levels can have widespread effects on various organ systems. The early symptoms of diabetes often develop gradually and may go unnoticed. Individuals commonly experience increased thirst and frequent urination as the body attempts to eliminate excess glucose through urine.",
8,8. When is a random blood glucose test sufficient for diagnosis?,1,0.8296,0.8296,HIGH,0.0969,"diabetes. Diagnosis is established through laboratory testing. A fasting blood glucose level of 126 mg/dL or higher on two separate occasions is considered diagnostic. Alternatively, an HbA1c value of 6.5% or above reflects sustained elevated glucose levels over time. In symptomatic individuals, a random blood glucose level exceeding 200 mg/dL may also confirm the diagnosis. Additional tests such as the oral glucose tolerance test may be used in certain cases to assess glucose metabolism more","In symptomatic individuals, a random blood glucose level exceeding 200 mg/dL may also confirm the diagnosis."
8,8. When is a random blood glucose test sufficient for diagnosis?,2,0.7327,0.7327,MID,,"increased thirst and frequent urination as the body attempts to eliminate excess glucose through urine. Fatigue is another frequent complaint, resulting from the body’s inability to efficiently utilize glucose for energy. Some patients may also report unexplained weight loss, blurred vision, or delayed wound healing. Recurrent infections, particularly of the skin or urinary tract, can also be indicative of underlying diabetes. Diagnosis is established through laboratory testing. A fasting blood glucose level of 126 mg/dL",
8,8. When is a random blood glucose test sufficient for diagnosis?,3,0.6819,0.6819,MID,,"Diabetes mellitus is a chronic metabolic condition in which the body is unable to effectively regulate blood glucose levels. This may occur due to insufficient insulin production or resistance to insulin action. Over time, elevated glucose levels can have widespread effects on various organ systems. The early symptoms of diabetes often develop gradually and may go unnoticed. Individuals commonly experience increased thirst and frequent urination as the body attempts to eliminate excess glucose through urine.",
9,9. What is the role of the oral glucose tolerance test?,1,0.793,0.793,HIGH,0.0407,"oral glucose tolerance test may be used in certain cases to assess glucose metabolism more thoroughly. Management of diabetes involves a combination of lifestyle and pharmacological interventions. Patients are advised to adopt a balanced diet, limit intake of high-glycemic foods, and engage in regular physical activity. Weight reduction is particularly important for individuals with insulin resistance. Metformin is commonly prescribed as the first-line medication, while additional oral agents may be added if glycemic control is",The oral glucose tolerance test may be used in certain cases to assess glucose metabolism more thoroughly.
9,9. What is the role of the oral glucose tolerance test?,2,0.7523,0.7523,HIGH,,"diabetes. Diagnosis is established through laboratory testing. A fasting blood glucose level of 126 mg/dL or higher on two separate occasions is considered diagnostic. Alternatively, an HbA1c value of 6.5% or above reflects sustained elevated glucose levels over time. In symptomatic individuals, a random blood glucose level exceeding 200 mg/dL may also confirm the diagnosis. Additional tests such as the oral glucose tolerance test may be used in certain cases to assess glucose metabolism more",
9,9. What is the role of the oral glucose tolerance test?,3,0.6599,0.6599,MID,,"increased thirst and frequent urination as the body attempts to eliminate excess glucose through urine. Fatigue is another frequent complaint, resulting from the body’s inability to efficiently utilize glucose for energy. Some patients may also report unexplained weight loss, blurred vision, or delayed wound healing. Recurrent infections, particularly of the skin or urinary tract, can also be indicative of underlying diabetes. Diagnosis is established through laboratory testing. A fasting blood glucose level of 126 mg/dL",
10,10. How is prediabetes identified?,1,0.6801,0.6801,MID,0.0452,"diabetes. Diagnosis is established through laboratory testing. A fasting blood glucose level of 126 mg/dL or higher on two separate occasions is considered diagnostic. Alternatively, an HbA1c value of 6.5% or above reflects sustained elevated glucose levels over time. In symptomatic individuals, a random blood glucose level exceeding 200 mg/dL may also confirm the diagnosis. Additional tests such as the oral glucose tolerance test may be used in certain cases to assess glucose metabolism more",
10,10. How is prediabetes identified?,2,0.635,0.635,MID,,"Diabetes mellitus is a chronic metabolic condition in which the body is unable to effectively regulate blood glucose levels. This may occur due to insufficient insulin production or resistance to insulin action. Over time, elevated glucose levels can have widespread effects on various organ systems. The early symptoms of diabetes often develop gradually and may go unnoticed. Individuals commonly experience increased thirst and frequent urination as the body attempts to eliminate excess glucose through urine.",
10,10. How is prediabetes identified?,3,0.629,0.629,MID,,"oral glucose tolerance test may be used in certain cases to assess glucose metabolism more thoroughly. Management of diabetes involves a combination of lifestyle and pharmacological interventions. Patients are advised to adopt a balanced diet, limit intake of high-glycemic foods, and engage in regular physical activity. Weight reduction is particularly important for individuals with insulin resistance. Metformin is commonly prescribed as the first-line medication, while additional oral agents may be added if glycemic control is",
11,11. What lifestyle changes are recommended for diabetes management?,1,0.7723,0.7723,HIGH,0.101,"oral glucose tolerance test may be used in certain cases to assess glucose metabolism more thoroughly. Management of diabetes involves a combination of lifestyle and pharmacological interventions. Patients are advised to adopt a balanced diet, limit intake of high-glycemic foods, and engage in regular physical activity. Weight reduction is particularly important for individuals with insulin resistance. Metformin is commonly prescribed as the first-line medication, while additional oral agents may be added if glycemic control is",A balanced diet and regular physical activity are recommended.
11,11. What lifestyle changes are recommended for diabetes management?,2,0.6713,0.6713,MID,,"as the first-line medication, while additional oral agents may be added if glycemic control is not achieved. In more advanced cases, insulin therapy may be required. If diabetes is not adequately controlled, it can lead to both acute and chronic complications. Long-term complications include damage to nerves, kidneys, and eyes, collectively referred to as microvascular complications. Additionally, individuals with diabetes are at a significantly higher risk of cardiovascular disease. Acute complications, such as diabetic ketoacidosis,",
11,11. What lifestyle changes are recommended for diabetes management?,3,0.634,0.634,MID,,"Diabetes mellitus is a chronic metabolic condition in which the body is unable to effectively regulate blood glucose levels. This may occur due to insufficient insulin production or resistance to insulin action. Over time, elevated glucose levels can have widespread effects on various organ systems. The early symptoms of diabetes often develop gradually and may go unnoticed. Individuals commonly experience increased thirst and frequent urination as the body attempts to eliminate excess glucose through urine.",
12,12. What is the first-line medication for diabetes?,1,0.7138,0.7138,MID,0.0252,"oral glucose tolerance test may be used in certain cases to assess glucose metabolism more thoroughly. Management of diabetes involves a combination of lifestyle and pharmacological interventions. Patients are advised to adopt a balanced diet, limit intake of high-glycemic foods, and engage in regular physical activity. Weight reduction is particularly important for individuals with insulin resistance. Metformin is commonly prescribed as the first-line medication, while additional oral agents may be added if glycemic control is",
12,12. What is the first-line medication for diabetes?,2,0.6886,0.6886,MID,,"as the first-line medication, while additional oral agents may be added if glycemic control is not achieved. In more advanced cases, insulin therapy may be required. If diabetes is not adequately controlled, it can lead to both acute and chronic complications. Long-term complications include damage to nerves, kidneys, and eyes, collectively referred to as microvascular complications. Additionally, individuals with diabetes are at a significantly higher risk of cardiovascular disease. Acute complications, such as diabetic ketoacidosis,",
12,12. What is the first-line medication for diabetes?,3,0.6333,0.6333,MID,,"diabetes. Diagnosis is established through laboratory testing. A fasting blood glucose level of 126 mg/dL or higher on two separate occasions is considered diagnostic. Alternatively, an HbA1c value of 6.5% or above reflects sustained elevated glucose levels over time. In symptomatic individuals, a random blood glucose level exceeding 200 mg/dL may also confirm the diagnosis. Additional tests such as the oral glucose tolerance test may be used in certain cases to assess glucose metabolism more",
13,13. When is insulin therapy required?,1,0.6773,0.6773,MID,0.0067,"as the first-line medication, while additional oral agents may be added if glycemic control is not achieved. In more advanced cases, insulin therapy may be required. If diabetes is not adequately controlled, it can lead to both acute and chronic complications. Long-term complications include damage to nerves, kidneys, and eyes, collectively referred to as microvascular complications. Additionally, individuals with diabetes are at a significantly higher risk of cardiovascular disease. Acute complications, such as diabetic ketoacidosis,",
13,13. When is insulin therapy required?,2,0.6706,0.6706,MID,,"oral glucose tolerance test may be used in certain cases to assess glucose metabolism more thoroughly. Management of diabetes involves a combination of lifestyle and pharmacological interventions. Patients are advised to adopt a balanced diet, limit intake of high-glycemic foods, and engage in regular physical activity. Weight reduction is particularly important for individuals with insulin resistance. Metformin is commonly prescribed as the first-line medication, while additional oral agents may be added if glycemic control is",
13,13. When is insulin therapy required?,3,0.6222,0.6222,MID,,"are at a significantly higher risk of cardiovascular disease. Acute complications, such as diabetic ketoacidosis, can develop rapidly and require immediate medical intervention. Episodes of hypoglycemia may also occur, particularly in patients receiving intensive treatment.",
14,14. Why is weight management important in diabetes?,1,0.7409,0.7409,MID,0.0317,"oral glucose tolerance test may be used in certain cases to assess glucose metabolism more thoroughly. Management of diabetes involves a combination of lifestyle and pharmacological interventions. Patients are advised to adopt a balanced diet, limit intake of high-glycemic foods, and engage in regular physical activity. Weight reduction is particularly important for individuals with insulin resistance. Metformin is commonly prescribed as the first-line medication, while additional oral agents may be added if glycemic control is",
14,14. Why is weight management important in diabetes?,2,0.7093,0.7093,MID,,"Diabetes mellitus is a chronic metabolic condition in which the body is unable to effectively regulate blood glucose levels. This may occur due to insufficient insulin production or resistance to insulin action. Over time, elevated glucose levels can have widespread effects on various organ systems. The early symptoms of diabetes often develop gradually and may go unnoticed. Individuals commonly experience increased thirst and frequent urination as the body attempts to eliminate excess glucose through urine.",
14,14. Why is weight management important in diabetes?,3,0.6869,0.6869,MID,,"increased thirst and frequent urination as the body attempts to eliminate excess glucose through urine. Fatigue is another frequent complaint, resulting from the body’s inability to efficiently utilize glucose for energy. Some patients may also report unexplained weight loss, blurred vision, or delayed wound healing. Recurrent infections, particularly of the skin or urinary tract, can also be indicative of underlying diabetes. Diagnosis is established through laboratory testing. A fasting blood glucose level of 126 mg/dL",
15,15. How often should HbA1c be monitored?,1,0.6497,0.6497,MID,0.0517,"diabetes. Diagnosis is established through laboratory testing. A fasting blood glucose level of 126 mg/dL or higher on two separate occasions is considered diagnostic. Alternatively, an HbA1c value of 6.5% or above reflects sustained elevated glucose levels over time. In symptomatic individuals, a random blood glucose level exceeding 200 mg/dL may also confirm the diagnosis. Additional tests such as the oral glucose tolerance test may be used in certain cases to assess glucose metabolism more",
15,15. How often should HbA1c be monitored?,2,0.598,0.598,LOW,,"oral glucose tolerance test may be used in certain cases to assess glucose metabolism more thoroughly. Management of diabetes involves a combination of lifestyle and pharmacological interventions. Patients are advised to adopt a balanced diet, limit intake of high-glycemic foods, and engage in regular physical activity. Weight reduction is particularly important for individuals with insulin resistance. Metformin is commonly prescribed as the first-line medication, while additional oral agents may be added if glycemic control is",
15,15. How often should HbA1c be monitored?,3,0.5791,0.5791,LOW,,"are at a significantly higher risk of cardiovascular disease. Acute complications, such as diabetic ketoacidosis, can develop rapidly and require immediate medical intervention. Episodes of hypoglycemia may also occur, particularly in patients receiving intensive treatment.",
16,16. What are the long-term complications of diabetes?,1,0.7915,0.7915,HIGH,0.0875,"as the first-line medication, while additional oral agents may be added if glycemic control is not achieved. In more advanced cases, insulin therapy may be required. If diabetes is not adequately controlled, it can lead to both acute and chronic complications. Long-term complications include damage to nerves, kidneys, and eyes, collectively referred to as microvascular complications. Additionally, individuals with diabetes are at a significantly higher risk of cardiovascular disease. Acute complications, such as diabetic ketoacidosis,","Damage to nerves, kidneys, and eyes, collectively referred to as microvascular complications."
16,16. What are the long-term complications of diabetes?,2,0.7039,0.7039,MID,,"are at a significantly higher risk of cardiovascular disease. Acute complications, such as diabetic ketoacidosis, can develop rapidly and require immediate medical intervention. Episodes of hypoglycemia may also occur, particularly in patients receiving intensive treatment.",
16,16. What are the long-term complications of diabetes?,3,0.7031,0.7031,MID,,"Diabetes mellitus is a chronic metabolic condition in which the body is unable to effectively regulate blood glucose levels. This may occur due to insufficient insulin production or resistance to insulin action. Over time, elevated glucose levels can have widespread effects on various organ systems. The early symptoms of diabetes often develop gradually and may go unnoticed. Individuals commonly experience increased thirst and frequent urination as the body attempts to eliminate excess glucose through urine.",
17,17. How does diabetes affect the kidneys?,1,0.7132,0.7132,MID,0.0421,"Diabetes mellitus is a chronic metabolic condition in which the body is unable to effectively regulate blood glucose levels. This may occur due to insufficient insulin production or resistance to insulin action. Over time, elevated glucose levels can have widespread effects on various organ systems. The early symptoms of diabetes often develop gradually and may go unnoticed. Individuals commonly experience increased thirst and frequent urination as the body attempts to eliminate excess glucose through urine.",
17,17. How does diabetes affect the kidneys?,2,0.6712,0.6712,MID,,"as the first-line medication, while additional oral agents may be added if glycemic control is not achieved. In more advanced cases, insulin therapy may be required. If diabetes is not adequately controlled, it can lead to both acute and chronic complications. Long-term complications include damage to nerves, kidneys, and eyes, collectively referred to as microvascular complications. Additionally, individuals with diabetes are at a significantly higher risk of cardiovascular disease. Acute complications, such as diabetic ketoacidosis,",
17,17. How does diabetes affect the kidneys?,3,0.6501,0.6501,MID,,"increased thirst and frequent urination as the body attempts to eliminate excess glucose through urine. Fatigue is another frequent complaint, resulting from the body’s inability to efficiently utilize glucose for energy. Some patients may also report unexplained weight loss, blurred vision, or delayed wound healing. Recurrent infections, particularly of the skin or urinary tract, can also be indicative of underlying diabetes. Diagnosis is established through laboratory testing. A fasting blood glucose level of 126 mg/dL",
18,18. What eye-related complications can occur in diabetes?,1,0.7917,0.7917,HIGH,0.0757,"as the first-line medication, while additional oral agents may be added if glycemic control is not achieved. In more advanced cases, insulin therapy may be required. If diabetes is not adequately controlled, it can lead to both acute and chronic complications. Long-term complications include damage to nerves, kidneys, and eyes, collectively referred to as microvascular complications. Additionally, individuals with diabetes are at a significantly higher risk of cardiovascular disease. Acute complications, such as diabetic ketoacidosis,","Damage to nerves, kidneys, and eyes (collectively referred to as microvascular complications)."
18,18. What eye-related complications can occur in diabetes?,2,0.7159,0.7159,MID,,"are at a significantly higher risk of cardiovascular disease. Acute complications, such as diabetic ketoacidosis, can develop rapidly and require immediate medical intervention. Episodes of hypoglycemia may also occur, particularly in patients receiving intensive treatment.",
18,18. What eye-related complications can occur in diabetes?,3,0.705,0.705,MID,,"Diabetes mellitus is a chronic metabolic condition in which the body is unable to effectively regulate blood glucose levels. This may occur due to insufficient insulin production or resistance to insulin action. Over time, elevated glucose levels can have widespread effects on various organ systems. The early symptoms of diabetes often develop gradually and may go unnoticed. Individuals commonly experience increased thirst and frequent urination as the body attempts to eliminate excess glucose through urine.",
19,19. Why are diabetic patients at higher cardiovascular risk?,1,0.7297,0.7297,MID,0.0533,"are at a significantly higher risk of cardiovascular disease. Acute complications, such as diabetic ketoacidosis, can develop rapidly and require immediate medical intervention. Episodes of hypoglycemia may also occur, particularly in patients receiving intensive treatment.",
19,19. Why are diabetic patients at higher cardiovascular risk?,2,0.6764,0.6764,MID,,"as the first-line medication, while additional oral agents may be added if glycemic control is not achieved. In more advanced cases, insulin therapy may be required. If diabetes is not adequately controlled, it can lead to both acute and chronic complications. Long-term complications include damage to nerves, kidneys, and eyes, collectively referred to as microvascular complications. Additionally, individuals with diabetes are at a significantly higher risk of cardiovascular disease. Acute complications, such as diabetic ketoacidosis,",
19,19. Why are diabetic patients at higher cardiovascular risk?,3,0.6739,0.6739,MID,,"Diabetes mellitus is a chronic metabolic condition in which the body is unable to effectively regulate blood glucose levels. This may occur due to insufficient insulin production or resistance to insulin action. Over time, elevated glucose levels can have widespread effects on various organ systems. The early symptoms of diabetes often develop gradually and may go unnoticed. Individuals commonly experience increased thirst and frequent urination as the body attempts to eliminate excess glucose through urine.",
20,20. What is diabetic ketoacidosis?,1,0.7236,0.7236,MID,0.0655,"are at a significantly higher risk of cardiovascular disease. Acute complications, such as diabetic ketoacidosis, can develop rapidly and require immediate medical intervention. Episodes of hypoglycemia may also occur, particularly in patients receiving intensive treatment.",
20,20. What is diabetic ketoacidosis?,2,0.6581,0.6581,MID,,"as the first-line medication, while additional oral agents may be added if glycemic control is not achieved. In more advanced cases, insulin therapy may be required. If diabetes is not adequately controlled, it can lead to both acute and chronic complications. Long-term complications include damage to nerves, kidneys, and eyes, collectively referred to as microvascular complications. Additionally, individuals with diabetes are at a significantly higher risk of cardiovascular disease. Acute complications, such as diabetic ketoacidosis,",
20,20. What is diabetic ketoacidosis?,3,0.656,0.656,MID,,"Diabetes mellitus is a chronic metabolic condition in which the body is unable to effectively regulate blood glucose levels. This may occur due to insufficient insulin production or resistance to insulin action. Over time, elevated glucose levels can have widespread effects on various organ systems. The early symptoms of diabetes often develop gradually and may go unnoticed. Individuals commonly experience increased thirst and frequent urination as the body attempts to eliminate excess glucose through urine.",
21,21. How does uncontrolled diabetes impact multiple organ systems?,1,0.7051,0.7051,MID,0.0087,"Diabetes mellitus is a chronic metabolic condition in which the body is unable to effectively regulate blood glucose levels. This may occur due to insufficient insulin production or resistance to insulin action. Over time, elevated glucose levels can have widespread effects on various organ systems. The early symptoms of diabetes often develop gradually and may go unnoticed. Individuals commonly experience increased thirst and frequent urination as the body attempts to eliminate excess glucose through urine.",
21,21. How does uncontrolled diabetes impact multiple organ systems?,2,0.6964,0.6964,MID,,"as the first-line medication, while additional oral agents may be added if glycemic control is not achieved. In more advanced cases, insulin therapy may be required. If diabetes is not adequately controlled, it can lead to both acute and chronic complications. Long-term complications include damage to nerves, kidneys, and eyes, collectively referred to as microvascular complications. Additionally, individuals with diabetes are at a significantly higher risk of cardiovascular disease. Acute complications, such as diabetic ketoacidosis,",
21,21. How does uncontrolled diabetes impact multiple organ systems?,3,0.6496,0.6496,MID,,"are at a significantly higher risk of cardiovascular disease. Acute complications, such as diabetic ketoacidosis, can develop rapidly and require immediate medical intervention. Episodes of hypoglycemia may also occur, particularly in patients receiving intensive treatment.",
22,22. What symptoms and diagnostic indicators together suggest diabetes?,1,0.7527,0.7527,HIGH,0.0366,"diabetes. Diagnosis is established through laboratory testing. A fasting blood glucose level of 126 mg/dL or higher on two separate occasions is considered diagnostic. Alternatively, an HbA1c value of 6.5% or above reflects sustained elevated glucose levels over time. In symptomatic individuals, a random blood glucose level exceeding 200 mg/dL may also confirm the diagnosis. Additional tests such as the oral glucose tolerance test may be used in certain cases to assess glucose metabolism more","A fasting blood glucose level of 126 mg/dL or higher on two separate occasions, an HbA1c value of 6.5% or above, or a random blood glucose level exceeding 200 mg/dL in symptomatic individuals."
22,22. What symptoms and diagnostic indicators together suggest diabetes?,2,0.7161,0.7161,MID,,"increased thirst and frequent urination as the body attempts to eliminate excess glucose through urine. Fatigue is another frequent complaint, resulting from the body’s inability to efficiently utilize glucose for energy. Some patients may also report unexplained weight loss, blurred vision, or delayed wound healing. Recurrent infections, particularly of the skin or urinary tract, can also be indicative of underlying diabetes. Diagnosis is established through laboratory testing. A fasting blood glucose level of 126 mg/dL",
22,22. What symptoms and diagnostic indicators together suggest diabetes?,3,0.709,0.709,MID,,"Diabetes mellitus is a chronic metabolic condition in which the body is unable to effectively regulate blood glucose levels. This may occur due to insufficient insulin production or resistance to insulin action. Over time, elevated glucose levels can have widespread effects on various organ systems. The early symptoms of diabetes often develop gradually and may go unnoticed. Individuals commonly experience increased thirst and frequent urination as the body attempts to eliminate excess glucose through urine.",
23,23. What happens if diabetes is left untreated over time?,1,0.6905,0.6905,MID,0.0224,"as the first-line medication, while additional oral agents may be added if glycemic control is not achieved. In more advanced cases, insulin therapy may be required. If diabetes is not adequately controlled, it can lead to both acute and chronic complications. Long-term complications include damage to nerves, kidneys, and eyes, collectively referred to as microvascular complications. Additionally, individuals with diabetes are at a significantly higher risk of cardiovascular disease. Acute complications, such as diabetic ketoacidosis,",
23,23. What happens if diabetes is left untreated over time?,2,0.6681,0.6681,MID,,"Diabetes mellitus is a chronic metabolic condition in which the body is unable to effectively regulate blood glucose levels. This may occur due to insufficient insulin production or resistance to insulin action. Over time, elevated glucose levels can have widespread effects on various organ systems. The early symptoms of diabetes often develop gradually and may go unnoticed. Individuals commonly experience increased thirst and frequent urination as the body attempts to eliminate excess glucose through urine.",
23,23. What happens if diabetes is left untreated over time?,3,0.6417,0.6417,MID,,"are at a significantly higher risk of cardiovascular disease. Acute complications, such as diabetic ketoacidosis, can develop rapidly and require immediate medical intervention. Episodes of hypoglycemia may also occur, particularly in patients receiving intensive treatment.",
24,24. How do treatment strategies aim to control blood glucose?,1,0.7535,0.7535,HIGH,0.0842,"oral glucose tolerance test may be used in certain cases to assess glucose metabolism more thoroughly. Management of diabetes involves a combination of lifestyle and pharmacological interventions. Patients are advised to adopt a balanced diet, limit intake of high-glycemic foods, and engage in regular physical activity. Weight reduction is particularly important for individuals with insulin resistance. Metformin is commonly prescribed as the first-line medication, while additional oral agents may be added if glycemic control is","Treatment strategies aim to control blood glucose through a combination of lifestyle and pharmacological interventions, including adopting a balanced diet, limiting intake of high-glycemic foods, engaging in regular physical activity, weight reduction, and the use of medications such as metformin."
24,24. How do treatment strategies aim to control blood glucose?,2,0.6694,0.6694,MID,,"Diabetes mellitus is a chronic metabolic condition in which the body is unable to effectively regulate blood glucose levels. This may occur due to insufficient insulin production or resistance to insulin action. Over time, elevated glucose levels can have widespread effects on various organ systems. The early symptoms of diabetes often develop gradually and may go unnoticed. Individuals commonly experience increased thirst and frequent urination as the body attempts to eliminate excess glucose through urine.",
24,24. How do treatment strategies aim to control blood glucose?,3,0.6639,0.6639,MID,,"increased thirst and frequent urination as the body attempts to eliminate excess glucose through urine. Fatigue is another frequent complaint, resulting from the body’s inability to efficiently utilize glucose for energy. Some patients may also report unexplained weight loss, blurred vision, or delayed wound healing. Recurrent infections, particularly of the skin or urinary tract, can also be indicative of underlying diabetes. Diagnosis is established through laboratory testing. A fasting blood glucose level of 126 mg/dL",
25,25. What are both acute and chronic complications of diabetes?,1,0.8038,0.8038,HIGH,0.027,"as the first-line medication, while additional oral agents may be added if glycemic control is not achieved. In more advanced cases, insulin therapy may be required. If diabetes is not adequately controlled, it can lead to both acute and chronic complications. Long-term complications include damage to nerves, kidneys, and eyes, collectively referred to as microvascular complications. Additionally, individuals with diabetes are at a significantly higher risk of cardiovascular disease. Acute complications, such as diabetic ketoacidosis,","Acute complications: Diabetic ketoacidosis
Chronic complications: Microvascular complications (damage to nerves, kidneys, and eyes)"
25,25. What are both acute and chronic complications of diabetes?,2,0.7768,0.7768,HIGH,,"are at a significantly higher risk of cardiovascular disease. Acute complications, such as diabetic ketoacidosis, can develop rapidly and require immediate medical intervention. Episodes of hypoglycemia may also occur, particularly in patients receiving intensive treatment.",
25,25. What are both acute and chronic complications of diabetes?,3,0.7295,0.7295,MID,,"Diabetes mellitus is a chronic metabolic condition in which the body is unable to effectively regulate blood glucose levels. This may occur due to insufficient insulin production or resistance to insulin action. Over time, elevated glucose levels can have widespread effects on various organ systems. The early symptoms of diabetes often develop gradually and may go unnoticed. Individuals commonly experience increased thirst and frequent urination as the body attempts to eliminate excess glucose through urine.",
26,26. What combination of symptoms and test results would strongly indicate diabetes?,1,0.7621,0.7621,HIGH,0.0256,"diabetes. Diagnosis is established through laboratory testing. A fasting blood glucose level of 126 mg/dL or higher on two separate occasions is considered diagnostic. Alternatively, an HbA1c value of 6.5% or above reflects sustained elevated glucose levels over time. In symptomatic individuals, a random blood glucose level exceeding 200 mg/dL may also confirm the diagnosis. Additional tests such as the oral glucose tolerance test may be used in certain cases to assess glucose metabolism more","A fasting blood glucose level of 126 mg/dL or higher on two separate occasions, an HbA1c value of 6.5% or above, or a random blood glucose level exceeding 200 mg/dL in symptomatic individuals."
26,26. What combination of symptoms and test results would strongly indicate diabetes?,2,0.7365,0.7365,MID,,"increased thirst and frequent urination as the body attempts to eliminate excess glucose through urine. Fatigue is another frequent complaint, resulting from the body’s inability to efficiently utilize glucose for energy. Some patients may also report unexplained weight loss, blurred vision, or delayed wound healing. Recurrent infections, particularly of the skin or urinary tract, can also be indicative of underlying diabetes. Diagnosis is established through laboratory testing. A fasting blood glucose level of 126 mg/dL",
26,26. What combination of symptoms and test results would strongly indicate diabetes?,3,0.7098,0.7098,MID,,"Diabetes mellitus is a chronic metabolic condition in which the body is unable to effectively regulate blood glucose levels. This may occur due to insufficient insulin production or resistance to insulin action. Over time, elevated glucose levels can have widespread effects on various organ systems. The early symptoms of diabetes often develop gradually and may go unnoticed. Individuals commonly experience increased thirst and frequent urination as the body attempts to eliminate excess glucose through urine.",
27,27. Under what conditions can diabetes be diagnosed without fasting tests?,1,0.7958,0.7958,HIGH,0.0858,"diabetes. Diagnosis is established through laboratory testing. A fasting blood glucose level of 126 mg/dL or higher on two separate occasions is considered diagnostic. Alternatively, an HbA1c value of 6.5% or above reflects sustained elevated glucose levels over time. In symptomatic individuals, a random blood glucose level exceeding 200 mg/dL may also confirm the diagnosis. Additional tests such as the oral glucose tolerance test may be used in certain cases to assess glucose metabolism more","In symptomatic individuals, a random blood glucose level exceeding 200 mg/dL may also confirm the diagnosis."
27,27. Under what conditions can diabetes be diagnosed without fasting tests?,2,0.71,0.71,MID,,"increased thirst and frequent urination as the body attempts to eliminate excess glucose through urine. Fatigue is another frequent complaint, resulting from the body’s inability to efficiently utilize glucose for energy. Some patients may also report unexplained weight loss, blurred vision, or delayed wound healing. Recurrent infections, particularly of the skin or urinary tract, can also be indicative of underlying diabetes. Diagnosis is established through laboratory testing. A fasting blood glucose level of 126 mg/dL",
27,27. Under what conditions can diabetes be diagnosed without fasting tests?,3,0.684,0.684,MID,,"Diabetes mellitus is a chronic metabolic condition in which the body is unable to effectively regulate blood glucose levels. This may occur due to insufficient insulin production or resistance to insulin action. Over time, elevated glucose levels can have widespread effects on various organ systems. The early symptoms of diabetes often develop gradually and may go unnoticed. Individuals commonly experience increased thirst and frequent urination as the body attempts to eliminate excess glucose through urine.",
28,28. Why might a patient require insulin even after starting oral medication?,1,0.6873,0.6873,MID,0.0048,"oral glucose tolerance test may be used in certain cases to assess glucose metabolism more thoroughly. Management of diabetes involves a combination of lifestyle and pharmacological interventions. Patients are advised to adopt a balanced diet, limit intake of high-glycemic foods, and engage in regular physical activity. Weight reduction is particularly important for individuals with insulin resistance. Metformin is commonly prescribed as the first-line medication, while additional oral agents may be added if glycemic control is",
28,28. Why might a patient require insulin even after starting oral medication?,2,0.6825,0.6825,MID,,"as the first-line medication, while additional oral agents may be added if glycemic control is not achieved. In more advanced cases, insulin therapy may be required. If diabetes is not adequately controlled, it can lead to both acute and chronic complications. Long-term complications include damage to nerves, kidneys, and eyes, collectively referred to as microvascular complications. Additionally, individuals with diabetes are at a significantly higher risk of cardiovascular disease. Acute complications, such as diabetic ketoacidosis,",
28,28. Why might a patient require insulin even after starting oral medication?,3,0.6361,0.6361,MID,,"are at a significantly higher risk of cardiovascular disease. Acute complications, such as diabetic ketoacidosis, can develop rapidly and require immediate medical intervention. Episodes of hypoglycemia may also occur, particularly in patients receiving intensive treatment.",
29,29. How do lifestyle changes and medication work together in diabetes management?,1,0.7367,0.7367,MID,0.0535,"oral glucose tolerance test may be used in certain cases to assess glucose metabolism more thoroughly. Management of diabetes involves a combination of lifestyle and pharmacological interventions. Patients are advised to adopt a balanced diet, limit intake of high-glycemic foods, and engage in regular physical activity. Weight reduction is particularly important for individuals with insulin resistance. Metformin is commonly prescribed as the first-line medication, while additional oral agents may be added if glycemic control is",
29,29. How do lifestyle changes and medication work together in diabetes management?,2,0.6831,0.6831,MID,,"as the first-line medication, while additional oral agents may be added if glycemic control is not achieved. In more advanced cases, insulin therapy may be required. If diabetes is not adequately controlled, it can lead to both acute and chronic complications. Long-term complications include damage to nerves, kidneys, and eyes, collectively referred to as microvascular complications. Additionally, individuals with diabetes are at a significantly higher risk of cardiovascular disease. Acute complications, such as diabetic ketoacidosis,",
29,29. How do lifestyle changes and medication work together in diabetes management?,3,0.6427,0.6427,MID,,"Diabetes mellitus is a chronic metabolic condition in which the body is unable to effectively regulate blood glucose levels. This may occur due to insufficient insulin production or resistance to insulin action. Over time, elevated glucose levels can have widespread effects on various organ systems. The early symptoms of diabetes often develop gradually and may go unnoticed. Individuals commonly experience increased thirst and frequent urination as the body attempts to eliminate excess glucose through urine.",
30,30. What factors contribute to both acute and long-term complications in diabetes?,1,0.8061,0.8061,HIGH,0.039,"as the first-line medication, while additional oral agents may be added if glycemic control is not achieved. In more advanced cases, insulin therapy may be required. If diabetes is not adequately controlled, it can lead to both acute and chronic complications. Long-term complications include damage to nerves, kidneys, and eyes, collectively referred to as microvascular complications. Additionally, individuals with diabetes are at a significantly higher risk of cardiovascular disease. Acute complications, such as diabetic ketoacidosis,",Insufficient information.
30,30. What factors contribute to both acute and long-term complications in diabetes?,2,0.7671,0.7671,HIGH,,"are at a significantly higher risk of cardiovascular disease. Acute complications, such as diabetic ketoacidosis, can develop rapidly and require immediate medical intervention. Episodes of hypoglycemia may also occur, particularly in patients receiving intensive treatment.",
30,30. What factors contribute to both acute and long-term complications in diabetes?,3,0.7162,0.7162,MID,,"Diabetes mellitus is a chronic metabolic condition in which the body is unable to effectively regulate blood glucose levels. This may occur due to insufficient insulin production or resistance to insulin action. Over time, elevated glucose levels can have widespread effects on various organ systems. The early symptoms of diabetes often develop gradually and may go unnoticed. Individuals commonly experience increased thirst and frequent urination as the body attempts to eliminate excess glucose through urine.",
31,31. How can poor glucose control lead to multiple types of complications?,1,0.7904,0.7904,HIGH,0.0225,"as the first-line medication, while additional oral agents may be added if glycemic control is not achieved. In more advanced cases, insulin therapy may be required. If diabetes is not adequately controlled, it can lead to both acute and chronic complications. Long-term complications include damage to nerves, kidneys, and eyes, collectively referred to as microvascular complications. Additionally, individuals with diabetes are at a significantly higher risk of cardiovascular disease. Acute complications, such as diabetic ketoacidosis,","Poor glucose control can lead to damage to nerves, kidneys, and eyes (microvascular complications) and an increased risk of cardiovascular disease."
31,31. How can poor glucose control lead to multiple types of complications?,2,0.768,0.768,HIGH,,"are at a significantly higher risk of cardiovascular disease. Acute complications, such as diabetic ketoacidosis, can develop rapidly and require immediate medical intervention. Episodes of hypoglycemia may also occur, particularly in patients receiving intensive treatment.",
31,31. How can poor glucose control lead to multiple types of complications?,3,0.7391,0.7391,MID,,"Diabetes mellitus is a chronic metabolic condition in which the body is unable to effectively regulate blood glucose levels. This may occur due to insufficient insulin production or resistance to insulin action. Over time, elevated glucose levels can have widespread effects on various organ systems. The early symptoms of diabetes often develop gradually and may go unnoticed. Individuals commonly experience increased thirst and frequent urination as the body attempts to eliminate excess glucose through urine.",
32,32. What distinguishes prediabetes from diabetes in terms of diagnostic criteria?,1,0.7434,0.7434,MID,0.0597,"diabetes. Diagnosis is established through laboratory testing. A fasting blood glucose level of 126 mg/dL or higher on two separate occasions is considered diagnostic. Alternatively, an HbA1c value of 6.5% or above reflects sustained elevated glucose levels over time. In symptomatic individuals, a random blood glucose level exceeding 200 mg/dL may also confirm the diagnosis. Additional tests such as the oral glucose tolerance test may be used in certain cases to assess glucose metabolism more",
32,32. What distinguishes prediabetes from diabetes in terms of diagnostic criteria?,2,0.6837,0.6837,MID,,"Diabetes mellitus is a chronic metabolic condition in which the body is unable to effectively regulate blood glucose levels. This may occur due to insufficient insulin production or resistance to insulin action. Over time, elevated glucose levels can have widespread effects on various organ systems. The early symptoms of diabetes often develop gradually and may go unnoticed. Individuals commonly experience increased thirst and frequent urination as the body attempts to eliminate excess glucose through urine.",
32,32. What distinguishes prediabetes from diabetes in terms of diagnostic criteria?,3,0.6562,0.6562,MID,,"oral glucose tolerance test may be used in certain cases to assess glucose metabolism more thoroughly. Management of diabetes involves a combination of lifestyle and pharmacological interventions. Patients are advised to adopt a balanced diet, limit intake of high-glycemic foods, and engage in regular physical activity. Weight reduction is particularly important for individuals with insulin resistance. Metformin is commonly prescribed as the first-line medication, while additional oral agents may be added if glycemic control is",
33,33. Why might symptoms appear before a formal diagnosis is confirmed?,1,0.63,0.63,MID,0.0443,"diabetes. Diagnosis is established through laboratory testing. A fasting blood glucose level of 126 mg/dL or higher on two separate occasions is considered diagnostic. Alternatively, an HbA1c value of 6.5% or above reflects sustained elevated glucose levels over time. In symptomatic individuals, a random blood glucose level exceeding 200 mg/dL may also confirm the diagnosis. Additional tests such as the oral glucose tolerance test may be used in certain cases to assess glucose metabolism more",
33,33. Why might symptoms appear before a formal diagnosis is confirmed?,2,0.5857,0.5857,LOW,,"increased thirst and frequent urination as the body attempts to eliminate excess glucose through urine. Fatigue is another frequent complaint, resulting from the body’s inability to efficiently utilize glucose for energy. Some patients may also report unexplained weight loss, blurred vision, or delayed wound healing. Recurrent infections, particularly of the skin or urinary tract, can also be indicative of underlying diabetes. Diagnosis is established through laboratory testing. A fasting blood glucose level of 126 mg/dL",
33,33. Why might symptoms appear before a formal diagnosis is confirmed?,3,0.5855,0.5855,LOW,,"are at a significantly higher risk of cardiovascular disease. Acute complications, such as diabetic ketoacidosis, can develop rapidly and require immediate medical intervention. Episodes of hypoglycemia may also occur, particularly in patients receiving intensive treatment.",
34,34. How do diagnostic thresholds relate to disease progression?,1,0.6522,0.6522,MID,0.0574,"diabetes. Diagnosis is established through laboratory testing. A fasting blood glucose level of 126 mg/dL or higher on two separate occasions is considered diagnostic. Alternatively, an HbA1c value of 6.5% or above reflects sustained elevated glucose levels over time. In symptomatic individuals, a random blood glucose level exceeding 200 mg/dL may also confirm the diagnosis. Additional tests such as the oral glucose tolerance test may be used in certain cases to assess glucose metabolism more",
34,34. How do diagnostic thresholds relate to disease progression?,2,0.5948,0.5948,LOW,,"Diabetes mellitus is a chronic metabolic condition in which the body is unable to effectively regulate blood glucose levels. This may occur due to insufficient insulin production or resistance to insulin action. Over time, elevated glucose levels can have widespread effects on various organ systems. The early symptoms of diabetes often develop gradually and may go unnoticed. Individuals commonly experience increased thirst and frequent urination as the body attempts to eliminate excess glucose through urine.",
34,34. How do diagnostic thresholds relate to disease progression?,3,0.5907,0.5907,LOW,,"increased thirst and frequent urination as the body attempts to eliminate excess glucose through urine. Fatigue is another frequent complaint, resulting from the body’s inability to efficiently utilize glucose for energy. Some patients may also report unexplained weight loss, blurred vision, or delayed wound healing. Recurrent infections, particularly of the skin or urinary tract, can also be indicative of underlying diabetes. Diagnosis is established through laboratory testing. A fasting blood glucose level of 126 mg/dL",
35,35. What risks arise if diabetes is treated aggressively without proper monitoring?,1,0.7589,0.7589,HIGH,0.0282,"as the first-line medication, while additional oral agents may be added if glycemic control is not achieved. In more advanced cases, insulin therapy may be required. If diabetes is not adequately controlled, it can lead to both acute and chronic complications. Long-term complications include damage to nerves, kidneys, and eyes, collectively referred to as microvascular complications. Additionally, individuals with diabetes are at a significantly higher risk of cardiovascular disease. Acute complications, such as diabetic ketoacidosis,",Insufficient information
35,35. What risks arise if diabetes is treated aggressively without proper monitoring?,2,0.7307,0.7307,MID,,"are at a significantly higher risk of cardiovascular disease. Acute complications, such as diabetic ketoacidosis, can develop rapidly and require immediate medical intervention. Episodes of hypoglycemia may also occur, particularly in patients receiving intensive treatment.",
35,35. What risks arise if diabetes is treated aggressively without proper monitoring?,3,0.6718,0.6718,MID,,"oral glucose tolerance test may be used in certain cases to assess glucose metabolism more thoroughly. Management of diabetes involves a combination of lifestyle and pharmacological interventions. Patients are advised to adopt a balanced diet, limit intake of high-glycemic foods, and engage in regular physical activity. Weight reduction is particularly important for individuals with insulin resistance. Metformin is commonly prescribed as the first-line medication, while additional oral agents may be added if glycemic control is",
